{
  "project_info": {
    "project_number": "337809219741",
    "firebase_url": "https://near-me-learning-default-rtdb.firebaseio.com",
    "project_id": "near-me-learning",
    "storage_bucket": "near-me-learning.appspot.com"
  },
  "client": [
    {
      "client_info": {
        "mobilesdk_app_id": "1:337809219741:android:43f8b8ca1dc6a6424bb474",
        "android_client_info": {
          "package_name": "com.example.nearmedemo"
        }
      },
      "oauth_client": [
        {
          "client_id": "337809219741-qttfutsck5tqd53atr945if49hj1sgcq.apps.googleusercontent.com",
          "client_type": 1,
          "android_info": {
            "package_name": "com.example.nearmedemo",
            "certificate_hash": "d58b8d6eff1f208f5da9b98a97707014b28ea325"
          }
        },
        {
          "client_id": "337809219741-jtfj1amovovkgoi3a4ivkcajigv2arl5.apps.googleusercontent.com",
          "client_type": 3
        }
      ],
      "api_key": [
        {
          "current_key": "AIzaSyA2dZuGBCsItXaBTGYHc57dXoeEGU5mvv8"
        }
      ],
      "services": {
        "appinvite_service": {
          "other_platform_oauth_client": [
            {
              "client_id": "337809219741-jtfj1amovovkgoi3a4ivkcajigv2arl5.apps.googleusercontent.com",
              "client_type": 3
            }
          ]
        }
      }
    },
    {
      "client_info": {
        "mobilesdk_app_id": "1:337809219741:android:addd2e6f2c85251b4bb474",
        "android_client_info": {
          "package_name": "com.example.nearmekotlin"
        }
      },
      "oauth_client": [
        {
          "client_id": "337809219741-65vrco913em6l30qtvmrdtdgtf1531h9.apps.googleusercontent.com",
          "client_type": 1,
          "android_info": {
            "package_name": "com.example.nearmekotlin",
            "certificate_hash": "d58b8d6eff1f208f5da9b98a97707014b28ea325"
          }
        },
        {
          "client_id": "337809219741-jtfj1amovovkgoi3a4ivkcajigv2arl5.apps.googleusercontent.com",
          "client_type": 3
        }
      ],
      "api_key": [
        {
          "current_key": "AIzaSyA2dZuGBCsItXaBTGYHc57dXoeEGU5mvv8"
        }
      ],
      "services": {
        "appinvite_service": {
          "other_platform_oauth_client": [
            {
              "client_id": "337809219741-jtfj1amovovkgoi3a4ivkcajigv2arl5.apps.googleusercontent.com",
              "client_type": 3
            }
          ]
        }
      }
    },
    {
      "client_info": {
        "mobilesdk_app_id": "1:337809219741:android:70a271e8afe004fd4bb474",
        "android_client_info": {
          "package_name": "com.example.nearmekotlindemo"
        }
      },
      "oauth_client": [
        {
          "client_id": "337809219741-umifl5cj9ur17qtv3sttkkopfc9l1hek.apps.googleusercontent.com",
          "client_type": 1,
          "android_info": {
            "package_name": "com.example.nearmekotlindemo",
            "certificate_hash": "d58b8d6eff1f208f5da9b98a97707014b28ea325"
          }
        },
        {
          "client_id": "337809219741-jtfj1amovovkgoi3a4ivkcajigv2arl5.apps.googleusercontent.com",
          "client_type": 3
        }
      ],
      "api_key": [
        {
          "current_key": "AIzaSyA2dZuGBCsItXaBTGYHc57dXoeEGU5mvv8"
        }
      ],
      "services": {
        "appinvite_service": {
          "other_platform_oauth_client": [
            {
              "client_id": "337809219741-jtfj1amovovkgoi3a4ivkcajigv2arl5.apps.googleusercontent.com",
              "client_type": 3
            }
          ]
        }
      }
    }
  ],
  "configuration_version": "1"
}